,context_id,context,image_id,buckey_key,annotation,qwen_caption,llava_caption
0,c0626339-808a-4a50-8ba4-9ff0d755a495,"Bom dia bluesky 
Ainda est√£o sem energia?
agrade√ßam ao prefeito",abbd4934-4285-4727-b4be-96bfc580a574,bucket.app_yu_4_pxv.jpeg,"Meme. De cima para baixo, um homem branco de cabelos raspados √© gradualmente maquiado de palha√ßo. No primeiro quadro, uma m√£o pinta o rosto do homem de branco e do lado esquerdo est√£o os dizeres ""Prefeito ignora crise clim√°tica"". No pr√≥ximo quadro, o homem est√° maquiado com olhos coloridos e boca vermelha e na esquerda os dizeres ""Prefeito n√£o faz poda de √°rvore"". No quadro seguinte, o homem est√° com a maquiagem e uma peruca colorida √© colocada em sua cabe√ßa, na esquerda os dizeres ""Prefeito n√£o combate enchentes"". Por fim o homem est√° totalmente maquiado de palha√ßo com um nariz de espuma vermelho e os dizeres ""Prefeito p√µe culpa na √°rvore"".","Descri√ß√£o: Meme. No topo, uma pessoa aplicando maquiagem de palha√ßo. A seguir, a pessoa com a maquiagem completa, com cabelo colorido e um rosto pintado de palha√ßo. A imagem tem texto em portugu√™s, com uma combina√ß√£o de palavras que parecem ser uma par√≥dia ou uma express√£o humor√≠stica. [Fim da descri√ß√£o]"," Descri√ß√£o: Imagem de meme com textos em portugu√™s. O meme apresenta uma sequ√™ncia de imagens que mostram um homem usando maquiagem facial cada vez mais elaborada, passando de uma m√°scara simples para uma m√°scara muito detalhada e finalmente a uma m√°scara com caracter√≠sticas clown. O texto no meme diz: ""Prefiro ignorar a crise clim√°tica"" e ""Prefiro n√£o ser combatente"". A imagem √© humor√≠stica, usando a m√°scara como um met√°foro para representar diferentes n√≠veis de engajamento com uma quest√£o ambiental. "
1,b24c31a9-ae90-47b0-83bd-3c8409a806a9,"08/06/1999

Em 8 de junho de 1999, a cole√ß√£o de v√≠deos The Immaculate Collection de Madonna foi lan√ßada em DVD.",687e0132-7f8e-4c35-ba2c-b66d59c7365a,bucket.app_3lsfpyb5.jpeg,"Capa de DVD, frente e verso. Do lado esquerdo, est√° o verso da capa do DVD com a cantora Madonna posando e apontando o dedo indicador para a frente, com sua m√£o cobrindo parte do rosto. Ela usa um chap√©u preto e um top preto de punhos chamativos em roseta. A imagem est√° com um filtro s√©pia. Do lado direito, a cantora posa com olhar sedutor e boca entreaberta, tamb√©m usando o mesmo chap√©u preto e tem a franja penteada em tri√¢ngulos divididos na testa. A imagem tem fundo azul e filtro s√©pia.","Descri√ß√£o: Imagem de um CD com a capa de Madonna. No lado esquerdo, h√° uma lista de can√ß√µes com n√∫meros e t√≠tulos. No lado direito, h√° uma foto de Madonna com um chap√©u preto. A capa do CD √© azul claro. [Fim da descri√ß√£o]"," Descri√ß√£o: Imagem de um CD musical com uma capa que mostra uma pessoa posando para a foto. A pessoa est√° vestida com roupas que remetem ao estilo dos anos 80, com cabelos loiros e uma express√£o facial s√©ria. H√° texto na capa do CD que diz ""TAMARA"" e ""MADRIDO"", sugerindo que pode ser o nome do artista ou a cidade onde foi gravado. A imagem √© um exemplo de arte para m√∫sica, com uma foto de alta qualidade e um design simples que destaca o t√≠tulo do √°lbum e o nome do artista. [Fim da descri√ß√£o] "
2,286857a1-a13d-4f0e-9b21-809d18f4977a,"Em oito dias, a opera√ß√£o conjunta do #Itamaraty e do @DefesaGovBr retirou do L√≠bano 1.105 pessoas e 13 animais de estima√ß√£o. üáßüá∑",5b14269e-807a-4b3d-b652-e0036bde4418,bucket.app_svsvtff6.jpeg,"Foto de pessoa. Rapaz branco de cabelos cacheados e castanhos, nariz comprido e com um leve sorriso, veste uma camiseta cinza e cal√ßas pretas. Ele segura e olha para uma caixa de transporte amarela com um gato felpudo com orelhas e patas marrom e corpo bege. Ao fundo √© poss√≠vel ver um letreiro com um cedro verde, √°rvore s√≠mbolo do L√≠bano. ","Descri√ß√£o: Fotografia. Um jovem est√° segurando um gato dentro de uma caixa amarela. O gato parece curioso e olha para a c√¢mera. O jovem est√° vestindo uma camiseta cinza e shorts pretos. O fundo mostra um ambiente interno, provavelmente um aeroporto, com uma placa de sinaliza√ß√£o azul e um logotipo de um banco. [Fim da descri√ß√£o]"," Descri√ß√£o: Foto de um homem segurando uma gata dentro de uma c√°rcere amarela. O homem tem cabelo curto e est√° vestindo uma camiseta preta com um design em branco. Ele parece estar em um ambiente interno, possivelmente um espa√ßo de transporte ou uma esta√ß√£o de trem, dado o contexto do texto. A gata √© de cor clara e tem cabelos longos. O homem est√° olhando diretamente para a c√¢mera com uma express√£o neutra. N√£o h√° outros indiv√≠duos vis√≠veis na imagem, e nenhum texto √© vis√≠vel. A foto parece ser um retrato casual, possivelmente tirada em um momento de lazer ou divertimento. "
3,45d43982-aa5c-4039-a23f-395b730510e6,"Aqui tamb√©m uma foto minha aos sete anos com meus irm√£os, pra voc√™s me conhecerem melhor. A Ana Clara tinha meses de vida ainda, toda carequinha sorridente banguela ü•∫",adcb68f8-a845-47a8-8b3d-9a33814b072f,bucket.app_ijglsgcz.jpeg,"Foto de pessoas. Tr√™s irm√£os est√£o deitados em uma cama. √Ä esquerda um menino branco de cabelos lisos e olhos pretos usa um uniforme escolar branco e olha para a c√¢mera. Ao centro, uma beb√™ de alguns meses branca, de cabelos ralos e bochechas fartas sorri para a foto. √Ä direita, um menino de apar√™ncia muito semelhante ao da esquerda, olha para a beb√™ e sorri mostrando os dentes.","Descri√ß√£o: Fotografia. Tr√™s crian√ßas est√£o sentadas em uma cama. A crian√ßa mais velha est√° vestindo uma camiseta branca com um logotipo azul. A crian√ßa mais nova est√° nu, com cabelo loiro e olhos grandes. A crian√ßa mais jovem est√° vestindo uma camiseta branca. O fundo √© uma cama com uma cobertura de tecido claro. [Fim da descri√ß√£o]"," Descri√ß√£o: Foto de tr√™s pessoas, provavelmente uma fam√≠lia, compartilhando um momento feliz. Atr√°s deles, h√° uma cama com uma camada rosa e um design que parece ser um logotipo ou marca. O indiv√≠duo √† esquerda √© um jovem com cabelos escuros e uma express√£o sorridente. Ele est√° vestindo uma camiseta branca com um logotipo azul no peito esquerdo. No centro, h√° um beb√™ sorridente, que parece estar sentado entre dois adultos. A pessoa √† direita √© outro jovem com cabelos escuros e uma express√£o feliz. Ambos est√£o vestidos de branco e preto, e o jovem √† direita est√° segurando o beb√™. O ambiente sugere um ambiente dom√©stico e alegria √© palp√°vel na express√£o dos indiv√≠duos. "
4,a461929d-0999-4eb6-9ef4-a4a4aecd405a,"eu acho q uma coisa q eu exijo q tenha at√© qnd eu for velho √© um album de fotos minha e da minha familia acompanhando minha vida e a deles, eu me emociono mto vendo as fotos da minha familia em album f√≠sico. Qnd eu tiver 80 anos eu vou querer ver essas fotos e chorar na minha cadeira de balan√ßo",d3c50277-0d2d-4a98-a140-f2815a694a2e,bucket.app_5w965ele.jpeg,"Foto de pessoa. Um homem forte de pele branca, barba e cabelos castanhos, est√° sentado em uma cadeira olhando para frente (dire√ß√£o da direita). Ele usa um bon√© verde, uma blusa verde com algumas logomarcas estampadas, uma bermuda preta e um t√™nis dourado com branco de solado preto. Suas m√£os est√£o entrela√ßadas e apoiadas em seu colo. Do lado direito est√° uma luz para fotografia e ao fundo √© poss√≠vel ver algumas palmeiras, uma constru√ß√£o e uma roda gigante. ","Descri√ß√£o: Fotografia. Na imagem, um homem est√° sentado em uma cadeira de praia, vestindo uma camisa verde e shorts pretos. Ele est√° usando um chap√©u verde e uma pulseira na m√£o. Ao seu lado, h√° um homem com barba e cabelo curto, tamb√©m vestindo uma camisa preta. O fundo mostra um parque noturno com √°rvores, um palco com ilumina√ß√£o e um grande arco de luzes azuis. [Fim da descri√ß√£o]"," Descri√ß√£o: Foto de um homem sentado em uma cadeira, vestindo uma camisa azul e cal√ßas esportivas. Ele est√° olhando diretamente para a c√¢mera, com uma express√£o s√©ria. O ambiente sugere que pode ser um evento esportivo ao ar livre, com ilumina√ß√£o artificial no fundo. H√° outras pessoas e objetos no fundo, mas eles n√£o s√£o o foco da imagem.

Descri√ß√£o: Foto de um homem sentado em uma cadeira, vestindo uma camisa azul e cal√ßas esportivas. Ele est√° olhando diretamente para a c√¢mera, com uma express√£o s√©ria. O ambiente sugere que pode ser um evento esportivo ao ar livre, com ilumina√ß√£o artificial no fundo. H√° outras pessoas e objetos no fundo, mas eles n√£o s√£o o foco da imagem. "
5,c3c31ea3-5868-4dd3-a8a9-1333e9815613,"Vim mostrar a bolsa e o outfit pro date de ontem. Meu cabelo solto estava impec√°vel, queria ter tirado uma foto",26c9f2ad-efd9-4d93-abd6-f5c35b2c7a3a,bucket.app_2572kygg.jpeg,"Foto de pessoa. Mulher branca de cabelos ruivos e olhos verdes. Ela tem piercings no nariz, sendo um no septo e outro do lado direito. A mo√ßa posa para a foto em seu quarto, com o arm√°rio aberto ao fundo, fazendo sinal de ""paz e amor"" e com express√£o facial de ""biquinho"". Ela est√° de jaqueta jeans e um top preto com a barriga √† mostra. ","Descri√ß√£o: Fotografia. Uma pessoa com cabelo ruivo e uma tatuagem no nariz est√° fazendo uma pose com o dedo indicador levantado. Ela est√° vestindo uma jaqueta jeans e uma camiseta preta. No fundo, h√° uma prateleira com roupas. [Fim da descri√ß√£o]"," Descri√ß√£o: Foto de uma pessoa posando para a foto. Ela tem cabelo loiro, barba curta e usa √≥culos escuros. A pessoa est√° fazendo um gesto com as m√£os juntas em frente ao corpo. Ela est√° vestindo uma camiseta preta e cal√ßa jeans. O fundo √© um ambiente interno com uma prateleira de livros ao fundo. H√° texto no canto superior esquerdo da imagem, mas n√£o √© poss√≠vel ler o conte√∫do do texto. [Fim da descri√ß√£o] "
6,c3c31ea3-5868-4dd3-a8a9-1333e9815613,"Vim mostrar a bolsa e o outfit pro date de ontem. Meu cabelo solto estava impec√°vel, queria ter tirado uma foto",fead8dc8-c6cd-4ab5-88d0-af8955c0bd70,bucket.app_99_p86yb.jpeg,"Foto de pessoa. Mulher branca de cabelos ruivos e olhos verdes. A mo√ßa posa para a foto no espelho de um quarto, com um celular roxo na m√£o e exibindo sua roupa: uma jaqueta jeans, top preto e cal√ßa estampada de on√ßa. Ela leva uma bolsa xadrez, preto e branca, sapatos pretos e um √≥culos de sol de arma√ß√£o e lentes marrom posto na cabe√ßa. ","Descri√ß√£o: Fotografia. Uma pessoa est√° tirando uma selfie no espelho, usando uma jaqueta jeans azul, uma camiseta preta e cal√ßas de leopardo. Ela segura uma bolsa com design xadrez e cora√ß√µes vermelhos. O ambiente √© uma sala com uma mesa de trabalho, um computador, uma janela com vista para o exterior e um tapete geom√©trico no ch√£o. [Fim da descri√ß√£o]"," Descri√ß√£o: Foto de uma pessoa posando para a foto em um ambiente interno. A pessoa est√° vestida com uma camiseta azul, cal√ßa-pajama preta e cal√ßas de estilo casual. Ela segura um telefone celular na m√£o direita e tem uma bolsa de estilo sobre o ombro esquerdo. O fundo mostra uma janela com vista para o exterior e uma decora√ß√£o decorativa no canto superior direito. A pessoa parece estar em um momento de relaxamento ou prepara√ß√£o para sair. [Fim da descri√ß√£o] "
7,9dcbfdb7-5cca-42e6-a1fb-aab7001463cf,as teorias sobre o caso diddy comeu tanto o c√©rebro dessa gente que eles acham que est√£o pagando a mulher pra processar o kanye por ab*so,3729933e-a9b3-4069-92d1-93c3c3e4b80c,bucket.app_ixkfp97h.jpeg,"Meme. Foto de Rita Cadilac com express√£o triste e melanc√≥lica, com olhos o boca ca√≠dos. Ela tem os cabelos loiros penteados atr√°s das orelhas e olha em dire√ß√£o √† c√¢mera. ",Descri√ß√£o: Imagem de uma mulher com cabelo loiro e claro. Ela est√° com uma express√£o facial s√©ria e est√° olhando para a c√¢mera. A mulher est√° com uma camisa preta e tem um brinco no orelha. O fundo da imagem √© azul claro com um padr√£o de linhas verticais. [Fim da descri√ß√£o]," Descri√ß√£o: Foto de uma mulher com cabelos loiros, usando uma camiseta escura e um sorriso leve. Ela parece estar em um ambiente interno, possivelmente um est√∫dio ou sala de grava√ß√£o, dado o fundo azul e a ilumina√ß√£o artificial. A mulher tem uma express√£o s√©ria e est√° olhando diretamente para a c√¢mera. N√£o h√° textos vis√≠veis na imagem. [Fim da descri√ß√£o] "
8,06a06f0b-6bac-4cd6-a8d1-2a4806252d73,üö®! SM Ent. anuncia a sa√≠da oficial de Seunghan do RIIZE.,99d6e269-7a84-40bf-93bf-fba3b91d03f1,bucket.app_31pqrbdr.jpeg,"Foto de pessoa. Rapaz coreano (Seunghan, do grupo de k-pop ""RIIZE"") de cabelos lisos e pretos esvoa√ßantes sobre seus olhos est√° encostado em um poste cinza em seu lado direito. Ele veste uma camisa azul clara e uma corrente fina prateada em seu pesco√ßo. Ele tem express√£o s√©ria e sedutora, encarando a c√¢mera.","Descri√ß√£o: Fotografia. Um homem com cabelo preto e curto, olhando para a c√¢mera com um sorriso levemente. Ele est√° vestindo uma camiseta azul claro e um par de √≥culos. Ao fundo, h√° uma cerca met√°lica e uma porta com um quadro amarelo. [Fim da descri√ß√£o]"," Descri√ß√£o: Foto de um jovem com cabelos curtos e escuros, usando uma camiseta azul e segurando uma chave na m√£o direita. Ele est√° posicionado em frente a uma lareira de metal, com o fundo desfocado. O jovem tem uma express√£o neutra e est√° olhando diretamente para a c√¢mera. N√£o h√° textos vis√≠veis na imagem. [Fim da descri√ß√£o] "
9,06a06f0b-6bac-4cd6-a8d1-2a4806252d73,üö®! SM Ent. anuncia a sa√≠da oficial de Seunghan do RIIZE.,e5a4b1db-af69-45c7-8844-ed26b2a02409,bucket.app_0sl1iz3g.jpeg,"Foto de pessoas. Sete rapazes coreanos posam para foto (integrantes do grupo de k-pop ""RIIZE""). Cinco deles est√£o de p√©, um ao lado do outro olhando para a c√¢mera com express√µes s√©rias e sedutoras. Outros dois est√£o agachados na frente deles, tamb√©m olhando pra a c√¢mera. Todos usam a mesma roupa: uma camisa larga de futebol americano de cor branca prateada e cal√ßas folgadas pretas. ","Descri√ß√£o: Fotografia. Cinco indiv√≠duos est√£o posando juntos, todos vestindo camisas brancas com n√∫meros 23 em preto. Os homens t√™m cabelos de diferentes cores, incluindo loiro e preto. Eles est√£o usando cal√ßas pretas e sapatos pretos com detalhes coloridos. O fundo √© uma parede de concreto cinza. [Fim da descri√ß√£o]"," Descri√ß√£o: Foto de um grupo de pessoas posando para uma foto. Eles est√£o vestidos com camisetas brancas e preta, e alguns deles t√™m cabelos loiros. O fundo √© um muro de concreto, e o grupo est√° em frente a ele. H√° texto na imagem que diz ""BTS"", sugerindo que eles s√£o membros do grupo BTS. A foto parece ser uma promo√ß√£o ou capa de um √°lbum. [Fim da descri√ß√£o] "
10,5115cb30-688b-45bf-85c0-007e70ddd6bd,a halsey lan√ßando o tgi em plena entrada do sol em escorpi√£o so diz o quanto ela me ama,cdcbe4f6-6711-41f7-bee4-e08911e5e242,bucket.app_f5l02ty6.jpeg,"Meme. Foto pixelada e em baixa qualidade de uma pessoa fantasiada do personagem Coringa, vil√£o do Batman. Ele est√° sentado de pernas cruzadas em uma poltrona preta com os bra√ßos apoiados. O homem usa um terno vermelho, camisa amarela, sapatos pretos, cabelos m√©dios e verdes e uma forte maquiagem de palha√ßo. ",Descri√ß√£o: Imagem de um personagem de desenho animado sentado em uma cadeira. O personagem est√° vestindo uma t√∫nica vermelha e amarela. A imagem est√° em um ambiente com uma parede azul e uma mesa de madeira no fundo. [Fim da descri√ß√£o]," Descri√ß√£o: Foto de um homem sentado em uma cadeira, vestindo uma roupa colorida e com cabelos loiros. Ele est√° usando √≥culos e tem uma express√£o s√©ria na face. O homem parece estar participando de uma conversa ou entrevista, pois h√° outras pessoas no fundo da imagem. A cena sugere que pode ser um evento ou programa de televis√£o. "
11,368ff98d-73b8-4bbf-a3be-42b17bd5a1c5,"9. Me Ajude a Salvar os Domingos - Liniker

Quem n√£o ouviu CAJU ainda t√° perdendo o que a m√∫sica brasileira tem de melhor pra oferecer em 2024",a43d8a7e-1c81-4b9d-b527-2369584d5110,bucket.app_r7j44i44.jpeg,"Banner do Spotify. Banner da m√∫sica ""Me Ajude a Salvar os Domingos"" da cantora Liniker no aplicativo do Spotify. Na foto, a cantora aparece dentro de um carro antigo de pintura vermelha brilhante, com flores pintadas na porta. Dentro do carro, a cantora tem express√£o s√©ria e est√° reclinada no banco do motorista com a m√£o para fora da janela apoiada no sentido do para-brisa. Ela leva muitos acess√≥rios, incluindo an√©is e pulseiras douradas.","Descri√ß√£o: Imagem de um carro vermelho com a janela aberta. Uma pessoa est√° sentada no banco do passageiro, com a m√£o levantada e v√°rias joias vis√≠veis. O texto ""E AJUDE A A SALVARAR OS OS DO"" est√° presente na imagem. [Fim da descri√ß√£o]"," Descri√ß√£o: Foto de um indiv√≠duo em um carro, segurando uma chave e olhando para a c√¢mera. Ele est√° usando uma camisa preta com detalhes decorativos e tem um cabelo curto. O carro √© um modelo antigo, possivelmente de uma marca americana, com o teto aberto e o interior vis√≠vel. A pessoa parece estar em um ambiente ao ar livre, com um c√©u parcialmente vis√≠vel no fundo. H√° textos vis√≠veis na imagem, incluindo ""SENACIONAL"" e ""LINKER"", mas n√£o √© poss√≠vel fornecer informa√ß√µes sobre o conte√∫do do texto devido √† qualidade da imagem. [Fim da descri√ß√£o] "
12,5058953d-b571-4c9c-8d4e-bd7e941d0c7b,"‚†Ä‚†Ä‚†Ä@ùê°ùê†ùêúùêöùêõùêöùê•ùê•ùêûùê´ùê®'s new update on #snugram, ‚ô°

‚†Ä‚†Ä‚†Äde ontem, minutos depois de uma trag√©dia acontecer (me assustei e tive que fingir naturalidade pra n√£o perder a pose).",f1d65a06-8275-4c1a-9198-008a05ba06ba,bucket.app_wrpdpdnw.jpeg,"Foto de pessoa. Um rapaz coreano est√° caminhando em uma cal√ßada ao lado de uma van preta. Ele usa fones de ouvido do tipo headset de cor prata sobre o capuz de seu casaco, preto com branco. Suas m√£os est√£o apoiadas no corpo na altura dos bolsos da cal√ßa e ele tem uma express√£o de como se estivesse prestes a falar com algu√©m.","Descri√ß√£o: Fotografia. Um jovem est√° na frente de um √¥nibus preto, com uma jaqueta branca e preta e um bon√© preto com uma faixa branca. O √¥nibus est√° parado na rua √† noite, com luzes vermelhas e verdes. √Ä esquerda do √¥nibus, h√° um poste com luzes vermelhas e um sinal de tr√¢nsito. No fundo, h√° pr√©dios altos com janelas iluminadas e palmeiras. [Fim da descri√ß√£o]"," Descri√ß√£o: Foto de uma pessoa em um ambiente urbano √† noite. A pessoa est√° usando um capim preto e uma camiseta com o nome ""DENVER"" e o n√∫mero 24. Ela est√° segurando um telefone celular e parece estar olhando para a direita, onde h√° uma van em movimento. O fundo mostra uma estrada com trafego, incluindo ve√≠culos e pessoas. H√° tamb√©m um sinal de tr√¢nsito e uma luz artificial iluminando o cen√°rio. A pessoa parece estar em um estado de espera ou aguardo, possivelmente esperando por algu√©m ou algo. "
13,5058953d-b571-4c9c-8d4e-bd7e941d0c7b,"‚†Ä‚†Ä‚†Ä@ùê°ùê†ùêúùêöùêõùêöùê•ùê•ùêûùê´ùê®'s new update on #snugram, ‚ô°

‚†Ä‚†Ä‚†Äde ontem, minutos depois de uma trag√©dia acontecer (me assustei e tive que fingir naturalidade pra n√£o perder a pose).",c1b86a25-a860-46e1-947b-653f05925ab8,bucket.app_73_kqdbj.jpeg,"Foto de pessoa. Um rapaz coreano anda na rua com fones de ouvido prateados, um agasalho preto e branco e cal√ßas pretas. A imagem est√° tremida, n√£o sendo poss√≠vel observar com nitidez. √â poss√≠vel identificar que o rapaz sorri. ","Descri√ß√£o: Fotografia. Uma pessoa est√° na frente da c√¢mera, com uma camiseta branca e preta e uma gorra branca. O fundo √© escuro, com uma estrutura de edif√≠cio e um carro parado. [Fim da descri√ß√£o]"," Descri√ß√£o: Foto de uma pessoa em um ambiente noturno, usando headphones e vestindo uma camiseta com o nome ""Kentucky"". A pessoa est√° segurando uma bebida e parece estar em um estado de relaxa√ß√£o ou descontra√ß√£o. O fundo mostra outras pessoas e objetos que indicam um ambiente social, mas n√£o s√£o os focos da imagem. [Fim da descri√ß√£o] "
14,3e8d91f0-daa4-4051-9b48-95fd0537ca42,"Robert Englund confirma que n√£o pode mais interpretar Freddy Krueger: ‚ÄúTalvez eu pudesse dar voz a uma vers√£o animada, mas n√£o consigo mais fazer cenas de luta.‚Äù

Tragam Jackie Earle Haley de volta! Ele trouxe uma vers√£o t√£o assustadora e complexa, com um toque psicol√≥gico que fez toda a diferen√ßa.",88f93033-4f75-4d6c-bed5-28e5aa1faff6,bucket.app_mrafo6uj.jpeg,"Foto de pessoa. Ator Jackie Earle Haley trajado do personagem Freddy Krueger. Ele olha para a c√¢mera com express√£o maquiav√©lica e rosto desfigurado, usa a t√≠pica camisa de l√£ listrada rubro-negra, um chap√©u preto e, na m√£o direita levantada leva uma luva com garras met√°licas.","Descri√ß√£o: Imagem de um personagem de terror com uma m√£o de pele de animal e uma roupa listrada. O personagem est√° com uma express√£o assustadora e est√° olhando para a c√¢mera. O fundo √© escuro e nebuloso, criando um ambiente assustador. [Fim da descri√ß√£o]"," Descri√ß√£o: Imagem de um personagem em uma fantasia de vampiro, com cabelo escuro e pele clara. Ele est√° segurando uma cruz e tem uma express√£o s√©ria na face. O fundo da imagem mostra um ambiente noturno com ilumina√ß√µes que criam um efeito dram√°tico.

Descri√ß√£o: Imagem de um personagem em uma fantasia de vampiro, com cabelo escuro e pele clara. Ele est√° segurando uma cruz e tem uma express√£o s√©ria na face. O fundo da imagem mostra um ambiente noturno com ilumina√ß√µes que criam um efeito dram√°tico. "
15,eb45ceba-7502-4bf6-bd00-965ea7e0be9d,resumindo a tml na fam√≠lia glassheart:,b54fea3f-216d-446a-ad5f-4cde3b599d63,bucket.app_fwbieeq0.jpeg,"Foto de pessoas. Tr√™s idosas brancas de cabelo grisalho sentadas em uma mureta. A senhora mais √† esquerda usa um vestido na altura das pernas com pequenas flores vermelhas e azuis, sand√°lias brancas e segura um saco de papel branco. Ao centro, uma outra senhora sorridente olha para a outra √† direita e segura uma colher  com a m√£o esquerda. Ela usa uma blusa de mangas compridas branca, uma saia marrom com estampas de flores e uma sand√°lia preta. √Ä direita est√° uma senhora de vestido roxo florido, sapatilhas bege, sorridente e segurando um saco de papel branco. No fundo da imagem est√° o c√©u azulado e com nuvens brancas em um dia ensolarado.","Descri√ß√£o: Fotografia. Tr√™s mulheres idosas sentadas em uma escada de concreto, vestindo vestidos coloridos e sand√°lias. As mulheres est√£o sorrindo e interagindo, enquanto seguram sacolas de compras. O c√©u azul e o mar ao fundo sugerem um dia ensolarado. [Fim da descri√ß√£o]"," Descri√ß√£o: Foto de tr√™s mulheres sentadas em uma parede, com um ambiente ao fundo que sugere estar perto do mar. A mulher √† esquerda tem cabelos loiros e est√° usando uma blusa preta com um colar branco. Ela segura uma bolsa na m√£o direita e tem uma express√£o sorridente. A mulher do meio, que parece ser mais velha, tem cabelo loiro e est√° vestindo uma blusa floral com um colar preto. Ela est√° segurando uma lata de refresco na m√£o esquerda e tem uma express√£o sorridente. A mulher √† direita tem cabelos loiros e est√° usando uma blusa azul com um colar branco. Ela tamb√©m tem uma express√£o sorridente e segura uma lata de refresco na m√£o direita.

A imagem transmite uma atmosfera alegre e descontra√≠da, sugerindo que as mulheres est√£o passando um momento agrad√°vel juntas. A foto foi tirada durante o dia, com luz natural iluminando os rostos das mulheres e o ambiente ao fundo. "
16,1f5bea72-c68b-4ad0-8324-3d15c9014cc0,"Yuri sugere puxar Gils√£o ou Vanessa para a Baia: ""As duas plantas, p√¥! Da√≠, se eles salvarem a Vanessa ou se a Vanessa for salva da Baia, puxa o Gils√£o pra Ro√ßa. Eu vou conversar com o Bali porque ele d√° uma abertura no jogo, que √†s vezes eu n√£o enxergo!""
#AFazenda",3b5403d1-4874-4503-9d29-19c6ddb5d422,bucket.app_585qz9xm.jpeg,"Foto de pessoas. Dois homens e um quarto conversando. Um, branco, tatuado, de cabelos raspados e regata branca, est√° sentado no ch√£o sobre almofadas gesticulando com o bra√ßo esticado para a cama, onde est√£ o segundo homem. Este, tamb√©m branco, de cabelos castanhos, est√° sentado sobre a cama e escorado na parede com os bra√ßos sobre os joelhos. Ambos t√™m express√µes de uma conversa acalorada por uma discuss√£o estrat√©gica.  ","Descri√ß√£o: Imagem de um ambiente interno, provavelmente um quarto ou sala de estar. H√° tr√™s pessoas sentadas em uma cama, com uma pessoa de costas para a c√¢mera e duas outras de frente. A pessoa de costas est√° com os bra√ßos cruzados, enquanto as duas outras est√£o interagindo. No fundo, h√° uma parede com uma porta e um painel de televis√£o com a marca ""PlayPlus"". A pessoa de frente est√° com uma camiseta branca e tatuagens vis√≠veis, enquanto a outra pessoa est√° com uma camiseta preta. A cama tem v√°rias cobertas e um travesseiro. A atmosfera parece ser casual e descontra√≠da. [Fim da descri√ß√£o]"," Descri√ß√£o: Foto de uma conversa entre dois homens em um ambiente interno. O homem √† esquerda est√° sentado, vestindo uma camisa sem mangas e cal√ßas curtas, com cabelos curto e uma barba bem aparada. Ele tem uma express√£o s√©ria e est√° olhando diretamente para a c√¢mera. O homem √† direita est√° de p√©, vestindo uma camiseta escura e cal√ßas curtas, tamb√©m com cabelo curto e uma barba semelhante ao primeiro. Ele tem uma express√£o mais s√©ria e est√° olhando para a esquerda, onde o outro homem est√° sentado. Ambos est√£o em um ambiente que parece ser um est√∫dio de televis√£o, com uma camada de cabelo escuro no fundo e uma paleta de cores ao lado. H√° texto vis√≠vel na imagem, mas n√£o √© poss√≠vel fornecer informa√ß√µes sobre o conte√∫do do texto sem acessibilidade visual. [Fim da descri√ß√£o] "
17,70e3da85-2fdc-403b-9d2c-33e1e8714eba,"GRAV√çSSIMO!!!

Voc√™ tava com muita vontade de pagar cerveja pra mim, mas, com vergonha, num sabia como, n√©?

Seus problemas se acabaram. Hoje, a partir das 21h, estarei colado nesta corda pra ouvir o maior cantor do Brasil e, qui√ß√°, da Bahia, LAZZO MATUMBI.

E agora, qual o desculpa?",9c31f59f-f8e3-41ef-b994-0097ba400326,bucket.app_jikzs8m0.jpeg,"An√∫ncio de show. Foto do cantor Lazzo Matumbi, homem negro, careca e sorridente para a c√¢mera. Ao fundo est√° uma praia e em primeiro plano os dizeres ""Lazzo Matumbi (BA) + Kelly Pires (SP) 13 OUTUBRO | 21H""","Descri√ß√£o: Imagem de um homem com cabelo grisalho e barba curta, usando √≥culos, camisa branca e cal√ßa jeans. Ele est√° em um ambiente com vista para o mar e c√©u azul. H√° um texto na parte superior da imagem que diz ""MUSICA IMAGEM"" e outro texto na parte inferior que diz ""LAZZO MATUMBI (BA) + KELLY PIRES (SP) 13 OUTUBRO | 21H"". A imagem parece ser um convite para uma apresenta√ß√£o ou evento musical."," Descri√ß√£o: Foto de um homem posando para uma foto com fundo azul e branco, que parece ser o mar. Ele est√° vestindo uma camisa clara e cal√ßa jeans. H√° texto sobre a imagem que diz ""Lazzo Matumbi + Kelly Pires SP"". A imagem √© um an√∫ncio de m√∫sica e foi postada no Instagram. [Fim da descri√ß√£o] "
18,61a8b807-5152-4edf-9561-c8bf08661350,"#itafushi fem short au!! ‚ûõ continuing ü¶•

  Megumi estava entediada e disposta a atrair a aten√ß√£o de Itadori a todo custo, mas a rosada parecia n√£o entender o recado.",af1dd242-7066-4bad-927c-bde2edc3fd5f,bucket.app_c6s_9q01.jpeg,"Foto de pessoas. Duas mulheres se beijam em frente ao que parece ser uma proje√ß√£o da lua cheia. A mulher √† esquerda segura o pesco√ßo da outra enquanto a beija. A imagem apresenta baixa luminosidade, podendo ver as duas mulheres quase como uma sombra. ","Descri√ß√£o: Imagem de um beijo entre duas pessoas. As silhuetas dos dois s√£o vis√≠veis contra um fundo branco. A pessoa √† esquerda tem cabelo longo e preto, enquanto a pessoa √† direita tamb√©m tem cabelo preto. Ambas est√£o com os olhos fechados, indicando um momento de intimidade e conex√£o. O fundo √© claro, destacando as silhuetas dos beijantes. [Fim da descri√ß√£o]"," Descri√ß√£o: Imagem de uma ilustra√ß√£o que parece ser um meme ou infografia. H√° dois indiv√≠duos em um ambiente noturno, com o c√©u e lua vis√≠vel no fundo. O primeiro indiv√≠duo est√° de p√© e tem a cabe√ßa inclinada para baixo, como se estivesse falando ou cantando. O segundo indiv√≠duo est√° de joelhos diante do primeiro, com as m√£os sobre os ombros do outro, sugerindo uma intera√ß√£o afetuosa e intimista. Ambos parecem estar em um ambiente de est√∫dio ou sala de grava√ß√£o, com ilumina√ß√£o artificial que destaca a figura central. O texto presente na imagem √© ""O amor √© tudo o que voc√™ precisa para ser feliz"" e ""Eles se bebem"", sugerindo uma conex√£o entre a emo√ß√£o e a express√£o de afeto. [Fim da descri√ß√£o] "
19,e23deba4-27e2-42e1-a498-9a4be2e813bc,"Quando estreiou Lenda do Santu√°rio, fomos no cinema ver na estreia. Minha linda e maravilhosa esposa entrou na brincadeira e foi vestida de Shun. Desejo essa sorte na escolha do seu/sua companheiro/a.",7e610fba-358f-4c3d-b02a-5c3dc339660c,bucket.app_hxw8ag8c.jpeg,"Foto de pessoas. Um casal posa na sala de casa. Do lado esquerdo, um homem branco, de cabelos loiro escuro ondulados e penteados para o lado, usa um √≥culos de arma√ß√£o preta e barba, camisa vermelha, colar e uma cal√ßa jeans de lavagem clara. Ao seu lado direito, sua esposa, uma mulher branca de cabelos pretos e longos, o abra√ßa por cima dos ombros com o bra√ßo esquerdo. Ela usa blusa verde, suspens√≥rio brancos, uma cal√ßa jeans branca e sapatilhas verdes. ","Descri√ß√£o: Fotografia. No centro da imagem, h√° um homem e uma mulher posando juntos. O homem est√° vestindo uma camiseta vermelha, cal√ßas jeans rasgadas e uma pulseira vermelha. A mulher est√° vestindo uma camiseta verde, cal√ßas brancas e um acess√≥rio na cintura. Ambos est√£o sorrindo e olhando para a c√¢mera. No fundo, h√° uma poltrona com uma cobertura colorida e um cachorro deitado no ch√£o. [Fim da descri√ß√£o]"," Descri√ß√£o: Foto de dois indiv√≠duos posando para uma foto. O homem est√° vestindo um t-shirt vermelho e cal√ßas jeans, com cabelo escuro e barba curta. Ele tem uma express√£o neutra e est√° olhando diretamente para a c√¢mera. A mulher est√° usando uma blusa azul e cal√ßas brancas, com cabelo longo e escuro. Ela tamb√©m tem uma express√£o neutra e est√° olhando para o homem. Ambos est√£o em um ambiente interno, com uma parede de cor clara ao fundo. N√£o h√° texto vis√≠vel na imagem. [Fim da descri√ß√£o] "
20,6b51e3f8-ede3-46eb-8dc0-3f0b472ba7c2,"Seunghan publicou uma carta manuscrita no Weverse ap√≥s o anuncio de sua sa√≠da do RIIZE:

‚ÄúOl√°, aqui √© o Seunghan.

Eu sei que muitas pessoas est√£o levando a s√©rio meu retorno para promover, e eu tamb√©m estou ciente da gravidade dessa situa√ß√£o.

Como refleti profundamente, comecei a me preocupar e+",e6dbed71-a02e-4933-a0ee-78dfecd77217,bucket.app_j843w0ht.jpeg,"Foto de pessoa. Rapaz coreano (Seunghan do grupo de k-pop ""RIIZE"") sorri para a c√¢mera de forma simp√°tica. Ele usa uma camisa esportiva com mangas prateadas brilhantes e meio preto com uma grande estrela branca e cal√ßas jeans. Na cabe√ßa, ele usa uma bandana por baixo da linha dos cabelos pretos e lisos.",Descri√ß√£o: Imagem de um indiv√≠duo vestindo uma camisa de futebol azul e branca com uma estrela branca no centro. A camisa tem um logotipo na parte superior esquerda e uma marca de algod√£o na parte superior direita. O indiv√≠duo est√° com cabelo preto e um headband preto. A pessoa est√° de p√© em frente a uma parede verde e parece estar em um ambiente interno. [Fim da descri√ß√£o]," Descri√ß√£o: Foto de um jovem posando para uma foto. Ele tem cabelos curtos e est√° vestindo uma camiseta com estrelas e o nome ""BTS"" em um dos bra√ßos. O jovem est√° sorrindo e parece estar olhando diretamente para a c√¢mera. Ele est√° de p√©, com as m√£os na boca e usando uma camisa preta com detalhes brancos. A foto foi tirada em um ambiente interno, possivelmente um restaurante ou bar, dado o fundo que parece ser uma parede azul. N√£o h√° outras pessoas vis√≠veis na imagem. "
21,b3512493-7d5b-45d2-a6ad-b316c2e50d19,"A Columbia Records vai come√ßar as promo√ß√µes de Mantra nas r√°dios no dia 18 de outubro.

cr.: GENlUSJN 
#JENNIE‚ÄØ‚ÄØ‚ÄØ‚ÄØ‚ÄØ‚ÄØ #Ï†úÎãà‚ÄØ‚ÄØ‚ÄØ‚ÄØ‚ÄØ‚ÄØ #Mantra‚ÄØ‚ÄØ‚ÄØ‚ÄØ‚ÄØ‚ÄØ
@jennierubyjane @oddatelier @Jennie_HQ",f1ffdc42-5d7c-4496-9343-0ea039d9b2e7,bucket.app__7c7fe2y.jpeg,"Captura de tela. Print de um site listando a publica√ß√£o do √°lbum ""Mantra"" da cantora ""Jennie"". √Ä esquerda √© poss√≠vel ver a capa do √°lbum, contendo a cantora, uma mulher oriental de cabelos longos e cacheados, utilizando uma camiseta regata branca e mini-shorts brancos se apoiando no cap√¥ de um carro. ","Descri√ß√£o: Imagem de uma mulher com cabelos longos e cacheados, vestindo uma roupa branca. Texto na imagem: ""RADIO DATE"", ""10/18/2024"", ""Mantra"", ""JENNIE"", ""Authors: Claudia Valentina, Jelli Dorman"", ""Label: Columbia"", ""Genre: Pop"". [Fim da descri√ß√£o]"," Descri√ß√£o: Imagem de um an√∫ncio de r√°dio. A imagem mostra uma pessoa posando para a foto, com cabelo escuro e vestindo uma camiseta branca. Ela est√° segurando uma chapa ou placa que diz ""JENNIE"". H√° textos vis√≠veis na imagem, incluindo o nome ""JENNIE"" e o t√≠tulo ""MANTRA"", al√©m de um n√∫mero de telefone e um endere√ßo de email. A pessoa est√° em frente a uma placa com o nome ""JENNIE"" e o t√≠tulo ""MANTRA"". O fundo da imagem √© neutro, sem detalhes relevantes para a descri√ß√£o. [Fim da descri√ß√£o] "
22,69a90385-5122-49fc-a226-220b9f08fd43,"‚Äî Sete dias em junho - Tia Williams
‚òÖ‚òÖ¬Ω - 2,5

""Era imposs√≠vel se sentir confort√°vel demais em um lugar que a todo instante o relembrava de que aquilo n√£o o pertencia.""",bf057939-8edf-4ed2-aaa2-4b7b633824f3,bucket.app_9rcbc_tp.jpeg,"Capa de livro. Capa do livro ""Sete dia em Junho"" do autor ""Tia Williams"". Na capa est√° um casal de um homem e uma mulher, ambos negros. Ela tem os cabelos volumosos e cacheados e ele cabelos crespos curtos dos lados e mais longos na parte de cima. O homem abra√ßa a mulher por tr√°s, na altura do pesco√ßo, e ela deita a cabe√ßa em seu ombro. A foto do casal √© sobreposta pelo t√≠tulo do livro e do autor em letras garrafais.","Descri√ß√£o: Ilustra√ß√£o. No topo, h√° uma pessoa com cabelo preto e uma m√£o cobrindo o rosto. Abaixo, h√° uma pessoa com cabelo preto e uma m√£o cobrindo o rosto. Texto em branco e preto na parte superior, com letras grandes e mai√∫sculas. Texto em branco e azul na parte inferior, com letras mai√∫sculas. [Fim da descri√ß√£o]"," Descri√ß√£o: Imagem de capa de livro. O t√≠tulo do livro √© ""Sete dias at√© Junho"" e o autor √© Tia Williams. A imagem mostra dois indiv√≠duos abra√ßados, um homem e uma mulher, ambos com cabelo curto e pele clara. Eles est√£o em frente a um fundo azul com uma bandeira vermelha e branca no canto superior esquerdo. O texto na imagem diz ""Se te dias at√© Junho, junho vai te matar"". A palavra ""Junho"" est√° destacada em letras grandes e coloridas. O estilo da imagem √© moderno e parece ser uma capa de livro com um design simples e focado na mensagem do t√≠tulo. [Fim da descri√ß√£o] "
23,c78e20aa-a712-4b69-bf41-ed7274856caf,Uma das decep√ß√µes com a estrema direita √© que consegue dar palco pra imbecis como esse cara.,2cc53c6e-aa1d-4900-862c-bdf8e84cf64b,bucket.app_t_jsuzi7.jpeg,"Manchete de not√≠cia. Na foto, um homem branco, de fei√ß√£o s√©ria, empunha seu punho cerrado sobre a cabe√ßa. Ele leva usa uma camisa preta com um adesivo de campanha do lado esquerdo e um tecido verde do lado direito. Ao fundo est√° uma multid√£o vestida de verde e amarelo em uma mobiliza√ß√£o de direita. Na parte de baixo da imagem √© poss√≠vel ler os dizeres ""Os kanalhas se apoiam"", em um coment√°rio com fundo branco e logo abaixo a manchete ""'Sou branco e sou contra cotas raciais' - Resultado: vereador mais votado de S√£o Paulo."".",Descri√ß√£o: Imagem de um homem levantando o punho em frente a uma multid√£o. O texto na imagem √© em portugu√™s e parece ser uma cita√ß√£o ou declara√ß√£o pol√≠tica. O contexto sugere que o homem est√° em uma campanha eleitoral ou evento pol√≠tico.," Descri√ß√£o: Foto de um homem em frente a uma multid√£o, com ele levantando o bra√ßo direito e segurando uma bandeira. Ele est√° vestindo uma camiseta preta e tem cabelos curtos. A multid√£o ao fundo parece estar em uma arena esportiva, com pessoas sentadas e algumas pessoas levantando as m√£os. H√° texto sobre a imagem que diz ""SOU BRANCO E SOU CONTRO COTAS DE VOTO"". A foto foi compartida em uma rede social, possivelmente para discutir o tema da elei√ß√£o e do voto. [Fim da descri√ß√£o] "
24,7090bd2f-6d1d-4ae8-b07c-f0a05de82440,"Suelen diz que, caso caia na Ro√ßa, seu discurso ser√° de forma ir√¥nica: 'Se eu sair, acabou a gra√ßa'

Suelen: ""Se ele me indica e eu saio, eu vou falar mal de um monte de gente daqui. Eu vou falar 'gente, voc√™s v√£o ver a gra√ßa que vai ser'.""

Gizelly: ""No dia dos eu discurso, voc√™ fala: 
#AFazenda",4849ca5d-0d01-4734-bb18-34ab501ad43a,bucket.app_mz_77qwk.jpeg,Cena de programa de TV. Um grupo de pessoas sentadas no sof√° parecem conversar. Da esquerda para direita est√£o cinco mulheres e na direita delas est√° um homem. ,"Descri√ß√£o: Imagem de um grupo de pessoas sentadas em uma sala. As pessoas est√£o sentadas em uma cadeira, com algumas delas usando trajes casuais. H√° uma pessoa com cabelo preto e uma pessoa com cabelo loiro. A sala tem m√≥veis e objetos decorativos. A imagem parece ser de um programa de televis√£o ou reality show. [Fim da descri√ß√£o]"," Descri√ß√£o: Foto de uma cena interna, provavelmente de um programa de televis√£o ou um evento ao ar livre. H√° uma grupo de pessoas sentadas em um ambiente informal, com alguns indiv√≠duos usando camisetas e cal√ßas casuais. A atmosfera √© descontraida e amig√°vel, com as pessoas olhando para a c√¢mera e para outras pessoas na imagem. H√° uma variedade de express√µes facial e posturas corporais que indicam intera√ß√£o social e um ambiente casual. N√£o h√° texto vis√≠vel na imagem. [Fim da descri√ß√£o] "
25,ef8946df-7896-442b-a0a6-efe112e9e248,"PLACAR AMARGO üò™

Ontem (12) nosso sub15 teve a primeira derrota no Paulista Cup, perdendo de 2x0 para a equipe da Portuguesa. 

Vamos em busca de vencer os pr√≥ximos jogos, sempre em frente brabinhas üß°",a20816d7-ae05-4dcb-ace0-69f3f011f235,bucket.app_lm_rog7j.jpeg,"Foto de jogadora de futebol. Ao centro, uma jogadora da equipe sub-15 do Corinthians est√° em campo. Ela √© uma menina branca, de cabelos longos e castanhos, presos por uma liga preta em um rabo de cavalo. Est√° trajada com o uniforme do clube: uma camisa branca e um short preto com o emblema do time na perna esquerda. Abaixo √© poss√≠vel conferir o placar do jogo, indicando ""2x0"" para a equipe da Portuguesa.","Descri√ß√£o: Imagem de um campo de futebol com uma menina vestindo uma camisa branca e preta com o logotipo da Corinthians. Ela est√° olhando para a esquerda com uma express√£o s√©ria. No fundo, h√° outra pessoa vestindo uma camisa vermelha. A imagem cont√©m texto em portugu√™s, incluindo ""Sempre em frente!"" e logotipos da Corinthians e da Paulista Cup. A imagem √© de uma competi√ß√£o sub-15 da Corinthians. [Fim da descri√ß√£o]"," Descri√ß√£o: Foto de uma jogadora de futebol em um campo, vestida com uma camiseta branca e preta, segurando o bra√ßo esquerdo sobre seu peito. Ela est√° olhando para a direita, com uma express√£o s√©ria e concentrada. No fundo, h√° outras pessoas e elementos do ambiente de um jogo de futebol, como uma bola e uma bandeira. H√° tamb√©m textos vis√≠veis que mencionam ""BASE CORINTHIA"" e ""20"", sugerindo que a imagem pode estar relacionada a uma equipe de futebol chamada Base Corinthia, possivelmente em um contexto esportivo. [Fim da descri√ß√£o] "
26,7a2c308f-b1eb-4bc8-9139-8aa3300952d6,"Neste dia de 1996, Damon Hill venceu o Campeonato Mundial de Pilotos de F√≥rmula 1 em Suzuka üèÜ

Ao fazer isso, Damon se tornou o primeiro filho de um campe√£o mundial de F√≥rmula 1 a ganhar o t√≠tulo.",82671fc2-9bcf-48f0-b3bd-73a86c2bcead,bucket.app_ru8e8b2u.jpeg,"Foto de piloto de F√≥rmula 1. Na imagem, o piloto Damon Hill est√° de p√© dentro de seu carro de corrida erguendo os dois bra√ßos para cima em comemora√ß√£o. Ele est√° trajado com um macac√£o azul e branco, com capacete azul e preto. O seu autom√≥vel √© tamb√©m azul e branco. Ao fundo √© poss√≠vel ver um piloto tirando seu capacete, com balaclava branca e macac√£o vermelho, al√©m da plateia do aut√≥dromo. ","Descri√ß√£o: Fotografia. No centro, um piloto de F√≥rmula 1 com um capacete azul e branco, camisa azul com logotipo de Rothmans, e cal√ßas azuis. Ele est√° com os bra√ßos erguidos, sorrindo. Ao seu lado, um piloto de F√≥rmula 1 com um capacete vermelho e branco, camisa vermelha com logotipo de Shell, e cal√ßas vermelhas. Ambos est√£o em frente a seus carros de corrida, um azul e um vermelho. No fundo, uma multid√£o de pessoas com bandeiras e cartazes, incluindo um grande cartaz de Marlboro. [Fim da descri√ß√£o]"," Descri√ß√£o: Foto de um evento esportivo, provavelmente uma corrida de carros. No centro da imagem, um piloto est√° em p√© sobre o banco dos carros, com as m√£os levantadas e expressando uma postura de vit√≥ria ou celebra√ß√£o. Ele usa um traje de corrida azul e branco, com a palavra ""Williams"" vis√≠vel na parte superior do traje. O piloto est√° em frente a outros pilotos e pessoas, que est√£o sentadas e parcialmente vis√≠veis. Eles parecem estar em uma √°rea de trabalho ou preparo para a corrida. Atr√°s deles, h√° um p√∫blico observando o evento, com alguns indiv√≠duos segurando banners e outros objetos. O ambiente √© um est√°dio com grama e uma barreira de prote√ß√£o vis√≠vel na parte inferior da imagem.

[Fim da descri√ß√£o] "
27,7964f67c-d6c4-4e73-a656-2f9f09241c6e,Eu amo tanto a momometal :(ü§ç,ac7fb8af-172c-48a7-a486-400453646a3e,bucket.app_deycf399.jpeg,"Foto de pessoa. Foto de uma garota oriental (Momometal, da banca Baby Metal). Ela usa o cabelo preso em dois rabos de cavalo altos, tem uma franja e tem express√£o simp√°tica com um leve sorriso. Sua m√£o est√° apoiada no queixo. Ela usa um traje de show bastante perform√°tico, com uma borboleta furtacor como gola.","Descri√ß√£o: Imagem de uma pessoa com cabelo longo e ondulado, usando um headpiece com estrelas. Ela est√° vestindo uma camisa preta com detalhes em branco e preto. O fundo √© vermelho com um efeito de luz. [Fim da descri√ß√£o]"," Descri√ß√£o: Foto de uma jovem com cabelos loiros e um estilo de vestimenta que inclui uma camisa com detalhes coloridos, orelhas com estiliza√ß√£o met√°lica e um colar de metal. Ela est√° fazendo um gesto com a m√£o sobre o rosto, sugerindo uma express√£o pensativa ou introspectiva. A jovem est√° em frente a um fundo que parece ser um palco de evento, com ilumina√ß√£o e decora√ß√µes vis√≠veis. N√£o h√° textos vis√≠veis na imagem. [Fim da descri√ß√£o] "
28,7964f67c-d6c4-4e73-a656-2f9f09241c6e,Eu amo tanto a momometal :(ü§ç,a4623503-bcb8-4d73-84ba-c372dc5df2f1,bucket.app_co770k2r.jpeg,"Foto de pessoa. Garota oriental, de cabelos lisos com franja, leve sorriso simp√°tico e m√£o apoiada no queixo. Ela usa uma roupa perform√°tica com uma gola em formato de asas de borboleta furtacor. ","Descri√ß√£o: Imagem de uma pessoa com cabelo longo e castanho, usando um headpiece com estrelas e um la√ßo colorido. A pessoa est√° com a m√£o na bochecha, sorrindo. A imagem parece ser de um evento ou show, com um fundo azul e uma pessoa ao fundo. [Fim da descri√ß√£o]"," Descri√ß√£o: Foto de uma pessoa sentada em um evento, com uma express√£o facial pensativa e levemente sorridente. Ela tem cabelos loiros, orelhas decoradas com estrelas e uma pele clara. Est√° usando uma blusa com detalhes coloridos e uma camisa de mangas preta com um design intricado no peito. A pessoa est√° sentada em frente a uma placa de an√∫ncio, que n√£o √© poss√≠vel ler na imagem. O fundo mostra outras pessoas e elementos decorativos, mas o foco est√° na pessoa central. "
29,8193f5c2-4ae4-4c41-9006-62841caa32a2,üèÜü•á CAMPE√ïES! O Sada Cruzeiro √© a equipe campe√£ do Campeonato Mineiro Masculino 2024 üîµ,b22100ba-f165-4bb0-8862-d5a09e31b54f,bucket.app_zf25iv3r.jpeg,"Postagem. Na imagem, um grupo de  cinco jogadores de v√¥lei do Sada Cruzeiro se abra√ßam em comemora√ß√£o. Quatro deles usam o uniforme azul com o bras√£o do cruzeiro do sul do lado esquerdo e um, de costas, est√° com uniforme branco. Ao fundo √© poss√≠vel ver a bandeira do Cruzeiro Esporte Clube. H√° um grande letreiro com os dizeres ""CAMPE√ïES"", seguido abaixo de ""SADA CRUZEIRO MINEIRO MASCULINO"".","Descri√ß√£o: Imagem de um grupo de jogadores de futebol em frente a uma bandeira azul com o escudo do Cruzeiro Esporte Clube. Os jogadores est√£o abra√ßados e sorrindo, indicando uma vit√≥ria ou comemora√ß√£o. O texto na imagem menciona ""SADA CRUZEIREIRO"" e ""KTO"", al√©m de ""CAMPE√ïES"" em destaque. O fundo √© azul claro, e h√° um c√©u azul acima."," Descri√ß√£o: Imagem de propaganda para uma partida de futebol. O grupo de jogadores est√° em foco, com um homem em p√© ao lado deles, e todos parecem estar olhando para a c√¢mera. Eles est√£o vestidos com camisetas azuis e brancas, e o banner do time √© vis√≠vel na parte superior da imagem. O texto ""Campe√µes"" est√° em destaque, indicando que eles s√£o os campe√µes de uma competi√ß√£o. A palavra ""Sada"" tamb√©m est√° presente, possivelmente referindo-se a um patrocinador ou √† pr√≥pria equipe. O fundo da imagem mostra o c√©u e uma bandeira azul com o nome do time. [Fim da descri√ß√£o] "
30,73cb2950-f3d9-452c-9a50-faf2470de28a,"E o troye sivan que fez a ponte ente a Ariana e Charli pra simpathy is a knife acontecer?
(maior twink do mundo, avisaaa
#sdv #arianagrande #charlixcx #brat",f05e709b-d846-40d7-aa2f-0d364ac12eb4,bucket.app_ag9h6bs6.jpeg,"Foto de pessoas. Na foto, os cantores Ariana Grande (mulher branca de cabelos castanhos amarrados em um rabo de cavalo alto e um blazer azul petr√≥leo com detalhes rosa) e Troye Sivan (homem branco e loiro usando blazer roxo), est√£o apoiados em uma mesa de madeira clara. Ela olha para o que parece ser o outro lado da sala e ele encara a c√¢mera.","Descri√ß√£o: Fotografia. Duas pessoas est√£o sentadas, uma com cabelo longo e castanho, vestindo um casaco azul com detalhes rosa, e a outra com cabelo loiro e curto, vestindo um casaco rosa claro. Ambas est√£o com os bra√ßos cruzados e olhando para a frente. [Fim da descri√ß√£o]"," Descri√ß√£o: Foto de um jovem e uma mulher posando para a foto. O jovem est√° sentado com as m√£os sobre o rosto, olhando diretamente para a c√¢mera, enquanto a mulher est√° de p√©, colocando a m√£o na testa e olhando para a esquerda. Ambos est√£o vestidos com roupas coloridas e parecem estar em um ambiente interno. H√° texto no fundo que diz ""Beyonce"" e ""Justin Bieber"", sugerindo que eles podem ser refer√™ncias ou influ√™ncias para a foto. A imagem tem uma tonalidade descontra√≠da e parece estar em um contexto de m√∫sica ou cultura pop. "
31,440fd570-87b1-4dcb-9d3e-a485da83bd7e,Gra√ßas a Deus consegui salvar a outra foto que estava no dimensionamento correto e ser√° minha resposta aos seus melhores tuites,cf23f91a-1284-4fe7-b1f4-fec6173e123c,bucket.app_eacaeluk.jpeg,"Selfie de pessoa. Rapaz branco de barba loira usa um √≥culos escuros, bon√© do Palmeiras e posa para foto levantando as sobrancelhas. Ele usa uma regata preta e est√° dentro de um vag√£o de metr√¥.","Descri√ß√£o: Fotografia. No centro da imagem, um homem est√° usando um chap√©u verde com uma letra ""P"" branca. Ele est√° vestindo uma camiseta preta e tem um barba curta. Ao fundo, h√° uma pessoa com cabelo longo e uma pessoa com cabelo curto. A pessoa com cabelo longo est√° vestindo uma camiseta cinza. A pessoa com cabelo curto est√° vestindo uma camiseta branca. A pessoa com cabelo longo est√° segurando um celular. A pessoa com cabelo curto est√° segurando um pacote de papel. A pessoa com cabelo curto est√° olhando para a frente. A pessoa com cabelo longo est√° olhando para a frente. A pessoa com cabelo curto est√° olhando para a frente. A pessoa com cabelo longo est√° olhando para a frente. A pessoa com cabelo curto est√° olhando para a frente. A pessoa com cabelo curto est√° olhando para a frente. A pessoa com cabelo curto est√° olhando para a frente. A pessoa com cabelo curto est√° olhando para a frente. A pessoa com cabelo curto est√° olhando para a frente. A pessoa com cabelo curto est√° olhando para a frente. A pessoa com cabelo curto est√° olhando para a frente. A pessoa com cabelo curto est√° olhando para a frente. A pessoa com cabelo curto est√° olhando para a frente. A pessoa com cabelo curto est√° olhando para a frente. A pessoa com cabelo curto est√° olhando para a frente. A pessoa com cabelo curto est√° olhando para a frente. A pessoa com cabelo curto est√° olhando para a frente. A pessoa com cabelo curto est√° olhando para a frente. A pessoa com cabelo curto est√° olhando para a frente. A pessoa com cabelo curto est√° olhando para a frente. A pessoa com cabelo curto est√° olhando para a frente. A pessoa com cabelo curto est√° olhando para a frente. A pessoa com cabelo curto est√° olhando para a frente. A pessoa com cabelo curto est√° olhando para a frente. A pessoa com cabelo curto est√° olhando para a frente. A pessoa com cabelo curto est√° olhando para a frente. A pessoa com cabelo curto est√° olhando para a frente. A pessoa com cabelo curto est√° olhando para a frente. A pessoa com cabelo curto est√° olhando para a frente. A pessoa com cabelo curto est√° olhando para a frente. A pessoa com cabelo curto est√° olhando para a frente. A pessoa com cabelo curto est√° olhando para a frente. A pessoa com cabelo curto est√° olhando para a frente. A pessoa com cabelo curto est√° olhando para a frente. A pessoa com cabelo curto est√° olhando para a frente. A pessoa com cabelo curto est√° olhando para a frente. A pessoa com cabelo curto est√° olhando para a frente. A pessoa com cabelo curto est√° olhando para a frente. A pessoa com cabelo curto est√° olhando para a frente. A pessoa com cabelo curto est√° olhando para a frente. A pessoa com cabelo curto est√° olhando para a frente. A pessoa com cabelo curto est√° olhando para a frente. A pessoa com cabelo curto est√° olhando para a frente. A pessoa com cabelo curto est√° olhando para a frente. A pessoa com cabelo curto est√° olhando para a frente. A pessoa com cabelo curto est√° olhando para a frente. A pessoa com cabelo curto est√° olhando para a frente. A pessoa com cabelo curto est√° olhando para a frente. A pessoa com cabelo curto est√° olhando para a frente. A pessoa com cabelo curto est√° olhando para a frente. A pessoa com cabelo curto est√° olhando para a frente. A pessoa com cabelo curto est√° olhando para a frente. A pessoa com cabelo curto est√° olhando para a frente. A pessoa com cabelo curto est√° olhando para a frente. A pessoa com cabelo curto est√° olhando para a frente. A pessoa com cabelo curto est√° olhando para a frente. A pessoa com cabelo curto est√° olhando para a frente. A pessoa com cabelo curto est√° olhando para a frente. A pessoa com cabelo curto est√° olhando para a frente. A pessoa com cabelo curto est√° olhando para a frente. A pessoa com cabelo curto est√° olhando para a frente. A pessoa com cabelo curto est√° olhando para a frente. A pessoa com cabelo curto est√° olhando para a frente. A pessoa com cabelo curto est√° olhando para a frente. A pessoa com cabelo curto est√° olhando para a frente. A pessoa com cabelo curto est√° olhando para a frente. A pessoa com cabelo curto est√° olhando para a frente. A pessoa com cabelo curto est√° olhando para a frente. A pessoa com cabelo curto est√° olhando para a frente. A pessoa com cabelo curto est√° olhando para a frente. A pessoa com cabelo curto est√° olhando para a frente. A pessoa com cabelo curto est√° olhando para a frente. A pessoa com cabelo curto est√° olhando para a frente. A pessoa com cabelo curto est√° olhando para a frente. A pessoa com cabelo curto est√° olhando para a frente. A pessoa com cabelo curto est√° olhando para a frente. A pessoa com cabelo curto est√° olhando para a frente. A pessoa com cabelo curto est√° olhando para a frente. A pessoa com cabelo curto est√° olhando para a frente. A pessoa com cabelo curto est√° olhando para a frente. A pessoa com cabelo curto est√° olhando para a frente. A pessoa com cabelo curto est√° olhando para a frente. A pessoa com cabelo curto est√° olhando para a frente. A pessoa com cabelo curto est√° olhando para a frente. A pessoa com cabelo curto est√° olhando para a frente. A pessoa com cabelo curto est√° olhando para a frente. A pessoa com cabelo curto est√° olhando para a frente. A pessoa com cabelo curto est√° olhando para a frente. A pessoa com cabelo curto est√° olhando para a frente. A pessoa com cabelo curto est√° olhando para a frente. A pessoa com cabelo curto est√° olhando para a frente. A pessoa com cabelo curto est√° olhando para a frente. A pessoa com cabelo curto est√° olhando para a frente. A pessoa com cabelo curto est√° olhando para a frente. A pessoa com cabelo curto est√° olhando para a frente. A pessoa com cabelo curto est√° olhando para a frente. A pessoa com cabelo curto est√° olhando para a frente. A pessoa com cabelo curto est√° olhando para a frente. A pessoa com cabelo curto est√° olhando para a frente. A pessoa com cabelo curto est√° olhando para a frente. A pessoa com cabelo curto est√° olhando para a frente. A pessoa com cabelo curto est√° olhando para a frente. A pessoa com cabelo curto est√° olhando para a frente. A pessoa com cabelo curto est√° olhando para a frente. A pessoa com cabelo curto est√° olhando para a frente. A pessoa com cabelo curto est√° olhando para a frente. A pessoa com cabelo curto est√° olhando para a frente. A pessoa com cabelo curto est√° olhando para a frente. A pessoa com cabelo curto est√° olhando para a frente. A pessoa com cabelo curto est√° olhando para a frente. A pessoa com cabelo curto est√° olhando para a frente. A pessoa com cabelo curto est√° olhando para a frente. A pessoa com cabelo curto est√° olhando para a frente. A pessoa com cabelo curto est√° olhando para a frente. A pessoa com cabelo curto est√° olhando para a frente. A pessoa com cabelo curto est√° olhando para a frente. A pessoa com cabelo curto est√° olhando para a frente. A pessoa com cabelo curto est√° olhando para a frente. A pessoa com cabelo curto est√° olhando para a frente. A pessoa com cabelo curto est√° olhando para a frente. A pessoa com cabelo curto est√° olhando para a frente. A pessoa com cabelo curto est√° olhando para a frente. A pessoa com cabelo curto est√° olhando para a frente. A pessoa com cabelo curto est√° olhando para a frente. A pessoa com cabelo curto est√° olhando para a frente. A pessoa com cabelo curto est√° olhando para a frente. A pessoa com cabelo curto est√° olhando para a frente. A pessoa com cabelo curto est√° olhando para a frente. A pessoa com cabelo curto est√° olhando para a frente. A pessoa com cabelo curto est√° olhando para a frente. A pessoa com cabelo curto est√° olhando para a frente. A pessoa com cabelo curto est√° olhando para a frente. A pessoa com cabelo curto est√° olhando para a frente. A pessoa com cabelo curto est√° olhando para a frente. A pessoa com cabelo curto est√° olhando para a frente. A pessoa com cabelo curto est√° olhando para a frente. A pessoa com cabelo curto est√° olhando para a frente. A pessoa com cabelo curto est√° olhando para a frente. A pessoa com cabelo curto est√° olhando para a frente. A pessoa com cabelo curto est√° olhando para a frente. A pessoa com cabelo curto est√° olhando para a frente. A pessoa com cabelo curto est√° olhando para a frente. A pessoa com cabelo curto est√° olhando para a frente. A pessoa com cabelo curto est√° olhando para a frente. A pessoa com cabelo curto est√° olhando para a frente. A pessoa com cabelo curto est√° olhando para a frente. A pessoa com cabelo curto est√° olhando para a frente. A pessoa com cabelo curto est√° olhando para a frente. A pessoa com cabelo curto est√° olhando para a frente. A pessoa com cabelo curto est√° olhando para a frente. A pessoa com cabelo curto est√° olhando para a frente. A pessoa com cabelo curto est√° olhando para a frente. A pessoa com cabelo curto est√° olhando para a frente. A pessoa com cabelo curto est√° olhando para a frente. A pessoa com cabelo curto est√° olhando para a frente. A pessoa com cabelo curto est√° olhando para a frente. A pessoa com cabelo curto est√° olhando para a frente. A pessoa com cabelo curto est√° olhando para a frente. A pessoa com cabelo curto est√° olhando para a frente. A pessoa com cabelo curto est√° olhando para a frente. A pessoa com cabelo curto est√° olhando para a frente. A pessoa com cabelo curto est√° olhando para a frente. A pessoa com cabelo curto est√° olhando para a frente. A pessoa com cabelo curto est√° olhando para a frente. A pessoa com cabelo curto est√° olhando para a frente. A pessoa com cabelo curto est√° olhando para a frente. A pessoa com cabelo curto est√° olhando para a frente. A pessoa com cabelo curto est√° olhando para a frente. A pessoa com cabelo curto est√° olhando para a frente."," Descri√ß√£o: Foto de um homem sentado em um ve√≠culo de transporte, provavelmente um metr√¥ ou √¥nibus. Ele usa √≥culos escuros e tem uma camisa preta com um logotipo verde no peito esquerdo. Atr√°s dele, h√° outro indiv√≠duo que parece estar conversando com ele. O ambiente √© iluminado artificialmente e o interior do ve√≠culo √© vis√≠vel, com assentos e uma linha de contato ao longo da parte superior.

Descri√ß√£o: Foto de um homem sentado em um ve√≠culo de transporte, provavelmente um metr√¥ ou √¥nibus. Ele usa √≥culos escuros e tem uma camisa preta com um logotipo verde no peito esquerdo. Atr√°s dele, h√° outro indiv√≠duo que parece estar conversando com ele. O ambiente √© iluminado artificialmente e o interior do ve√≠culo √© vis√≠vel, com assentos e uma linha de contato ao longo da parte superior. "
32,397bc16d-8629-4c27-b4f0-ba5f580b7cbb,"Fim de Primeira Fase! ‚úÖ

Ontem (12), aconteceu a √∫ltima rodada da fase de grupos do Baian√£o Feminino 2024. Bahia, Vit√≥ria, Atl√©tico de Alagoinhas e FSA EC avan√ßaram de fase.

+",dc0cf2b3-8d4c-4aae-9e96-fce40cae072e,bucket.app_zpxcs051.jpeg,"Foto de pessoa. Jogadora de equipe feminina de futebol corre e aponta com a m√£o direita. Ela usa um uniforme com camisa vermelha, shorts e mei√£o brancos. ","Descri√ß√£o: Fotografia. Uma mulher vestindo uma camisa rosa e cal√ßas de ch√£o verde est√° em uma posi√ß√£o de ataque, apontando com o bra√ßo direito. O fundo √© um campo de futebol com uma cerca verde e um c√©u azul. A imagem est√° dividida em quatro quadrantes, com o texto ""Efib√™"" no canto inferior direito. [Fim da descri√ß√£o]"," Descri√ß√£o: Foto de uma atleta em um campo de futebol, vestida com uma camisa rosa e cal√ßas brancas. Ela est√° em posi√ß√£o de jogar, com o bra√ßo levantado para indicar a dire√ß√£o do chute. A imagem √© um meme que parece estar relacionada ao futebol, possivelmente com uma mensagem motivacional ou humor√≠stica sobre a esporta. O texto ""Eibe"" est√° presente na imagem, mas n√£o √© poss√≠vel determinar seu significado sem mais contexto. A atleta parece estar concentrada e em movimento, indicando um momento de jogo ou treinamento. "
33,c55ff007-0ad5-4189-a883-9204f27bfca6,Cad√™ a Fl√°via ein,7a01f762-0257-41b6-b5cb-07db27800fc1,bucket.app_7c5dm00_.jpeg,Foto de pessoa. Foto da ginasta Fl√°via Saraivah em uma coletiva de imprensa. Ela est√° bebendo uma d'√°gua e usa uma camisa do Flamengo branca com detalhes vermelhos nas mangas e ombros.,"Descri√ß√£o: Imagem de uma mulher bebendo de uma garrafa de √°gua. Ela est√° vestindo uma camisa branca com detalhes vermelhos. O fundo √© uma tela com v√°rias marcas e logotipos, incluindo ""pixbet"", ""Est√°cio"", ""REDE"", ""Eletrobras"", e ""Flamengo"". A mulher tem cabelo loiro e est√° com uma express√£o relaxada enquanto bebe. [Fim da descri√ß√£o]"," Descri√ß√£o: Foto de uma pessoa sentada em um ambiente que parece ser um evento esportivo, como um torneio ou campeonato. A pessoa est√° segurando uma garrafa e tem uma express√£o facial s√©ria e concentrada. Ela usa uma camiseta com o nome ""Raquel"" e a bandeira do Brasil, sugerindo que pode ser uma atleta brasileira. No fundo, h√° um banner com textos e logotipos de patrocinadores, indicando que √© um evento profissional. A pessoa est√° sentada em frente a um microfone, o que sugere que pode estar participando de uma entrevista ou apresenta√ß√£o. "
34,4aee2204-03b0-43e7-8e05-ff297c939f36,"Suelen: Na minha cara, realmente ningu√©m fala nada. Se eu sair daqui, acaba a gra√ßa. √â porque n√£o em argumento e tem que inventar pra algu√©m.""
#AFazenda",37876e1a-ae4f-4b85-9067-8af2e8a42a8e,bucket.app_ge1dx0ty.jpeg,"Foto de pessoa. Mulher negra de cabelos cacheados e volumosos. Ela est√° de perfil, usa uma blusa azul claro com flores brancas e um colar preto. Sua express√£o √© de fala, como se estivesse discutindo com uma outra pessoa. ","Descri√ß√£o: Imagem de uma mulher com cabelo encaracolado e uma camisa azul com flores brancas. Ela est√° olhando para cima e parece estar em um ambiente interno, possivelmente uma cozinha ou um est√∫dio. A imagem √© de uma s√©rie ou filme, como indicado pelo logotipo ""PLAYPLUS"" no canto superior esquerdo."," Descri√ß√£o: Foto de uma pessoa em um ambiente interno, possivelmente um restaurante ou cozinha. A pessoa est√° vestida com uma blusa azul e cal√ßa preta, com cabelos loiros e uma express√£o s√©ria. Ela est√° olhando para a direita, semelhando estar em conversa√ß√£o ou observando algo fora da imagem. No fundo, h√° um ambiente com elementos de cozinha, como uma mesa e pratoas. H√° tamb√©m texto vis√≠vel na parte superior esquerda da imagem que diz ""PLAYLIST"", sugerindo que a foto pode estar relacionada a uma lista de m√∫sica ou outro tipo de conte√∫do multim√≠dia. [Fim da descri√ß√£o] "
35,880109c4-643f-4ddc-9968-ace418672735,"""hum vou fazer maquiagem de palha√ßo pra treina"", mas, e se eu tenta fazer uma releitura da Pele de Porcelada de Pat McGrath, fico parecendo tudo, menos a releitura. Mas como j√° t√° feito, vou postar

#maquiagem #peledeporcelana #patmcgrath #make #makeartistica #margiela #paris #skin #skincare #europa",2966dd41-b32d-4b51-a69a-dc9a9dd755df,bucket.app_yebiwdli.jpeg,"Foto de pessoa. Homem branco e com express√£o s√©ria est√° com uma maquiagem chamativa de palha√ßo. Ele usa uma sombra alta de cor roxa que vai das p√°lpebras at√© acima das sobrancelhas, cobertas de maquiagem. Duas sobrancelhas finas foram desenhadas em preto na altura da testa. Ele tem o nariz pintado de vermelho e as bochechas marcadas com um blush alaranjado forte. O fundo do seu rosto est√° coberto por uma base branca, o deixando p√°lido. Ele usa uma peruca colorida cacheada e tem express√£o s√©ria. ","Descri√ß√£o: Fotografia. Um indiv√≠duo com cabelo colorido e brilhante, incluindo tons de amarelo, laranja, verde e azul. O cabelo parece ser feito de algod√£o ou algum material similar. O indiv√≠duo est√° vestindo uma camiseta cinza. [Fim da descri√ß√£o]"," Descri√ß√£o: Foto de um homem com uma maquiagem clown, usando √≥culos coloridos e lentes azuis. Ele tem cabelo curto e pele mais escura. O homem est√° sentado e olhando diretamente para a c√¢mera. Ele n√£o est√° fazendo nenhum gesto ou express√£o facial. N√£o h√° outros indiv√≠duos ou objetos relevantes no fundo da imagem. [Fim da descri√ß√£o] "
36,03be2617-21c9-43fd-9e07-a7dc4fa50630,"Acompanhar elas no bbb n√£o foi f√°cil. A Belle com toda a press√£o l√° dentro e a tia Jaque vendo aqui de fora, foi osso. Agora o cora√ß√£o fica quentinho vendo elas realizando sonhos. Orgulho dessas guerreiras ‚ù§Ô∏è",8b2ebd0f-efb5-4e10-a2de-81d41a40aa93,bucket.app_a3f0xq_4.jpeg,"Foto de pessoas. Duas mulheres, m√£e e filha, se abra√ßam em demonstra√ß√£o de carinho. A mais alta, √† esquerda, tem cabelos lisos e longos, express√£o sorridente e agarra a outra pelos bra√ßos. A mais √† direita tem express√£o emocionada, olhos fechados chorosos e agarra a mo√ßa √† esquerda tamb√©m pelos bra√ßos. Ao fundo √© poss√≠vel ver uma multid√£o de pessoas.","Descri√ß√£o: Imagem de um par de mulheres abra√ßando-se. As mulheres t√™m cabelos longos e cacheados. Uma das mulheres est√° usando um rel√≥gio de pulso e pulseiras de identifica√ß√£o. O fundo mostra uma multid√£o de pessoas e √°rvores, sugerindo que a cena est√° ocorrendo em um evento p√∫blico. [Fim da descri√ß√£o]"," Descri√ß√£o: Foto de uma pessoa abra√ßando outra em um ambiente ao ar livre, com uma multid√£o de pessoas ao fundo. A pessoa abra√ßada est√° sorrindo e parece estar feliz. Ela tem cabelos escuros e est√° usando uma blusa sem mangas. O ambiente √© iluminado naturalmente e parece ser um evento ou uma festa, com a multid√£o ao fundo observando o momento. A pessoa abra√ßante est√° de costas para a c√¢mera, mas pode ser reconhecida como uma celebridade. O ambiente √© aberto e iluminado naturalmente, sugerindo um dia ensolarado. "
37,6a59bd57-d26d-4300-97fd-3d18e02c6525,Cr√≠ticas | Super/Man ‚Äì A Hist√≥ria de Christopher Reeve | https://buff.ly/4dILQfx,d73a82b1-9934-465e-a1e7-cfc4c1fb2d63,bucket.app_h5hnh849.jpeg,"Foto de pessoa. Super-her√≥i Superman est√° em um lugar alto apontando para cima. Ele usa os trajes comuns do her√≥i: capa vermelha, colant azul com s√≠mbolo do her√≥i, cinto amarelo e cueca vermelha sobre as cal√ßas. Ao fundo √© poss√≠vel ver a paisagem de uma cidade com pr√©dios altos e uma n√©voa cobrindo seus topos. ","Descri√ß√£o: Imagem de um super-her√≥i vestindo um traje azul e vermelho, com um logotipo em forma de S no peito. O super-her√≥i est√° levantando o bra√ßo direito, apontando para o alto. O fundo mostra um skyline de edif√≠cios altos, com um c√©u claro e um sol brilhante. [Fim da descri√ß√£o]"," Descri√ß√£o: Foto de um super-her√≥i em p√© sobre uma estrutura, com o bra√ßo levantado e a m√£o aberta para cima. Ele est√° vestindo um uniforme com o s√≠mbolo do ""S"" no peito, indicando que √© Superman. O fundo mostra uma cidade com edif√≠cios altos e uma estrutura de metal. H√° texto vis√≠vel na imagem, mas n√£o posso fornecer informa√ß√µes sobre o conte√∫do do texto. [Fim da descri√ß√£o] "
38,9554998e-f8db-4289-a81d-469033a2b842,Vim numa festa e essa era a op√ß√£o de entretenimento,2cb5037b-a71d-49f2-8063-81cd5c0ba9b2,bucket.app_tkfomzgs.jpeg,"Foto de pessoa. Homem de fei√ß√µes orientais, cabelos longos, ondulados e volumosos, barba rala, bigode e √≥culos escuros redondos, leva uma express√£o simp√°tica dando um leve sorriso para a c√¢mera. Em sua m√£o esquerda ele segura um jogo de mesa chamado ""JENGA"".","Descri√ß√£o: Fotografia. Na frente, uma pessoa com cabelo longo e cacheado, usando √≥culos escuros. Ao lado, uma caixa de Tenga, um produto de higiene pessoal. O fundo √© verde com folhas de palmeira. [Fim da descri√ß√£o]"," Descri√ß√£o: Foto de um homem segurando uma caixa de brinquedo. Ele tem cabelos loiros, barba curta e est√° vestindo √≥culos escuros. A caixa de brinquedo √© vermelha com o texto ""Bloco de constru√ß√£o"" vis√≠vel. O homem est√° em um ambiente externo, possivelmente um patio ou jardim, com uma planta ao fundo. Ele parece estar olhando diretamente para a c√¢mera e n√£o h√° outras pessoas ou objetos relevantes na imagem. "
39,e045e5bd-bf6e-4dc0-a8ae-c932797decdc,"ATEN√á√ÉO.

Definido o Quadro de Arbitragem para a partida decisiva entre Corinthians e Flamengo.

Daronco ser√° o √°rbitro e Wagner Reway respons√°vel pelo VAR.

Wagner Reway tamb√©m foi o respons√°vel do VAR da partida entre Corinthians 2 x 1 Flamengo.

#Flamengo #CRF",7fd518af-4ae0-4020-b472-518ff6bbab01,bucket.app_fv7j3ge3.jpeg,"Foto de pessoa. √Årbitro de futebol Daronco caminha no campo segurando uma bola na m√£o direita. Ele usa um uniforme verde neon, segura um apito preto na m√£o direita e tem express√£o profissional e s√©ria. ","Descri√ß√£o: Imagem de um √°rbitro de futebol segurando um bola de futebol. O √°rbitro est√° vestindo uma camisa amarela com a inscri√ß√£o ""FIFA"" e ""CBF"" em seu peito. Ele tamb√©m est√° usando um microfone na orelha e um rel√≥gio na m√£o. O fundo da imagem √© desfocado, focando na figura do √°rbitro e a bola."," Descri√ß√£o: Foto de um homem em p√©, vestindo uma camisa preta com detalhes brancos e azuis, segurando uma bola de futebol. Ele parece estar em um ambiente esportivo, possivelmente um est√°dio ou campo de futebol, dado o fundo que sugere uma arena esportiva. O homem tem cabelos curtos, barba curta e est√° usando √≥culos escuros. Ele est√° olhando diretamente para a c√¢mera, com uma express√£o s√©ria e concentrada. N√£o h√° texto vis√≠vel na imagem. [Fim da descri√ß√£o] "
40,b079947c-6782-4832-a607-cb1c448cce19,Toda vez que revejo The OA eu lembro da Zendaya queria ela trabalhando com a brit marling de novo,c258b291-fd7e-47b0-86dd-52305603b691,bucket.app_pd54rexw.jpeg,"Foto de pessoa. Atriz Zendaya, mulher negra, de cabelos ondulados, est√° atuando em uma cena de filme ou s√©rie. ","Descri√ß√£o: Imagem de uma mulher com cabelo cacheado e olhos azuis. Ela est√° de p√©, com uma express√£o pensativa no rosto. A luz do ambiente √© suave, criando sombras delicadas em seu rosto. A mulher est√° usando uma camisa com padr√£o de bolinhas. [Fim da descri√ß√£o]"," Descri√ß√£o: Foto de uma jovem mulher sentada, olhando diretamente para a c√¢mera com uma express√£o s√©ria e pensativa. Ela tem cabelos escuros, pele clara e est√° vestindo uma camiseta azul. Atr√°s dela, h√° um ambiente interno com uma pessoa sentada em um sof√°, mas n√£o √© poss√≠vel fornecer mais detalhes sobre essa pessoa devido √† qualidade da imagem. O fundo √© desfocado e n√£o oferece informa√ß√µes relevantes para a descri√ß√£o. [Fim da descri√ß√£o] "
41,fa51f422-c301-48cf-92f0-f19928a4cb62,"Boca Juniors negocia a contrata√ß√£o do zagueiro Sergio Ramos, ex-Real Madrid, PSG e Sevilla. O defensor espanhol de 38 anos est√° livre no mercado, e recebeu uma liga√ß√£o de Fernando Gago, novo treinador do clube argentino. 

üì∞| @espn 

#bocajuniors #mercadodabola",4c61d1cc-c645-4e1e-9387-9090af8eb122,bucket.app_01j8g_en.jpeg,"Foto de pessoa. Jogador de futebol Sergio Ramos, homem branco, barbudo, com cabelos lisos penteados para tr√°s, leva uma bra√ßadeira de capit√£o azul no bra√ßo direito e veste um uniforme vermelho estampado do Sevilla. ","Descri√ß√£o: Imagem de um jogador de futebol. O jogador est√° vestindo uma camisa vermelha com detalhes em branco e azul. A camisa tem um escudo no peito e uma marca de patroc√≠nio na manga. O jogador tem um cabelo curto e preto, um bigode e v√°rias tatuagens no pesco√ßo e bra√ßo. O fundo da imagem √© escuro, com alguns pontos de luz. [Fim da descri√ß√£o]"," Descri√ß√£o: Foto de um jogador de futebol em pista, vestindo uma camisa com o logotipo do Atl√©tico Madrid e o n√∫mero 10. Ele tem cabelos curtos, barba bem aparada e est√° olhando diretamente para a c√¢mera. O jogador usa um colar azul e tem uma express√£o s√©ria no rosto. A camisa √© predominantemente vermelha com detalhes em branco e amarelo. Ele parece estar em um ambiente de jogo, com o fundo desfocado e sem detalhes relevantes. "
42,c42d0122-b733-4846-96d0-de16a9defb39,"cada detalhe dessa mulher √© perfeito, mas a forma como ela parece exalar paz, sempre de deixar maravilhada",9f52f1ff-67e3-443a-ad59-1e987a5438e6,bucket.app_lo3gp6j6.jpeg,"Foto de pessoa. Foto da ginasta Simone Biles, mulher nega, de cabelos alisados pretos, olhos amendoados e bra√ßos fortes. Ela olha para a c√¢mera com express√£o simp√°tica e levemente sorridente. Ao fundo, √© poss√≠vel ver um gin√°sio de ginastica.","Descri√ß√£o: Fotografia. Uma mulher est√° em um ambiente esportivo, provavelmente uma arena de gin√°stica, com uma mesa de gin√°stica ao fundo. Ela est√° vestindo uma roupa esportiva azul, um colar de p√©rolas e √≥culos de sol. A mulher est√° sorrindo e olhando para a c√¢mera. [Fim da descri√ß√£o]"," Descri√ß√£o: Foto de uma atleta posando para a foto. Ela est√° vestindo um traje esportivo azul e tem cabelos loiros. A atleta est√° segurando uma m√£o na frente do corpo, com o bra√ßo estendido. Ela est√° olhando diretamente para a c√¢mera e parece estar em um ambiente interno, possivelmente um gin√°sio ou sala de treinamento. N√£o h√° texto vis√≠vel na imagem. [Fim da descri√ß√£o] "
