,context_id,context,image_id,buckey_key,annotation,qwen_caption,llava_caption
1,b24c31a9-ae90-47b0-83bd-3c8409a806a9,"08/06/1999

Em 8 de junho de 1999, a cole√ß√£o de v√≠deos The Immaculate Collection de Madonna foi lan√ßada em DVD.",687e0132-7f8e-4c35-ba2c-b66d59c7365a,bucket.app_3lsfpyb5.jpeg,"Capa de DVD, frente e verso. Do lado esquerdo, est√° o verso da capa do DVD com a cantora Madonna posando e apontando o dedo indicador para a frente, com sua m√£o cobrindo parte do rosto. Ela usa um chap√©u preto e um top preto de punhos chamativos em roseta. A imagem est√° com um filtro s√©pia. Do lado direito, a cantora posa com olhar sedutor e boca entreaberta, tamb√©m usando o mesmo chap√©u preto e tem a franja penteada em tri√¢ngulos divididos na testa. A imagem tem fundo azul e filtro s√©pia.","Descri√ß√£o: Imagem de um CD com a capa de Madonna. No lado esquerdo, h√° uma lista de can√ß√µes com n√∫meros e t√≠tulos. No lado direito, h√° uma foto de Madonna com um chap√©u preto. A capa do CD √© azul claro. [Fim da descri√ß√£o]"," Descri√ß√£o: Imagem de um CD musical com uma capa que mostra uma pessoa posando para a foto. A pessoa est√° vestida com roupas que remetem ao estilo dos anos 80, com cabelos loiros e uma express√£o facial s√©ria. H√° texto na capa do CD que diz ""TAMARA"" e ""MADRIDO"", sugerindo que pode ser o nome do artista ou a cidade onde foi gravado. A imagem √© um exemplo de arte para m√∫sica, com uma foto de alta qualidade e um design simples que destaca o t√≠tulo do √°lbum e o nome do artista. [Fim da descri√ß√£o] "
2,286857a1-a13d-4f0e-9b21-809d18f4977a,"Em oito dias, a opera√ß√£o conjunta do #Itamaraty e do @DefesaGovBr retirou do L√≠bano 1.105 pessoas e 13 animais de estima√ß√£o. üáßüá∑",5b14269e-807a-4b3d-b652-e0036bde4418,bucket.app_svsvtff6.jpeg,"Foto de pessoa. Rapaz branco de cabelos cacheados e castanhos, nariz comprido e com um leve sorriso, veste uma camiseta cinza e cal√ßas pretas. Ele segura e olha para uma caixa de transporte amarela com um gato felpudo com orelhas e patas marrom e corpo bege. Ao fundo √© poss√≠vel ver um letreiro com um cedro verde, √°rvore s√≠mbolo do L√≠bano. ","Descri√ß√£o: Fotografia. Um jovem est√° segurando um gato dentro de uma caixa amarela. O gato parece curioso e olha para a c√¢mera. O jovem est√° vestindo uma camiseta cinza e shorts pretos. O fundo mostra um ambiente interno, provavelmente um aeroporto, com uma placa de sinaliza√ß√£o azul e um logotipo de um banco. [Fim da descri√ß√£o]"," Descri√ß√£o: Foto de um homem segurando uma gata dentro de uma c√°rcere amarela. O homem tem cabelo curto e est√° vestindo uma camiseta preta com um design em branco. Ele parece estar em um ambiente interno, possivelmente um espa√ßo de transporte ou uma esta√ß√£o de trem, dado o contexto do texto. A gata √© de cor clara e tem cabelos longos. O homem est√° olhando diretamente para a c√¢mera com uma express√£o neutra. N√£o h√° outros indiv√≠duos vis√≠veis na imagem, e nenhum texto √© vis√≠vel. A foto parece ser um retrato casual, possivelmente tirada em um momento de lazer ou divertimento. "
5,368ff98d-73b8-4bbf-a3be-42b17bd5a1c5,"Vim mostrar a bolsa e o outfit pro date de ontem. Meu cabelo solto estava impec√°vel, queria ter tirado uma foto",26c9f2ad-efd9-4d93-abd6-f5c35b2c7a3a,bucket.app_2572kygg.jpeg,"Foto de pessoa. Mulher branca de cabelos ruivos e olhos verdes. Ela tem piercings no nariz, sendo um no septo e outro do lado direito. A mo√ßa posa para a foto em seu quarto, com o arm√°rio aberto ao fundo, fazendo sinal de ""paz e amor"" e com express√£o facial de ""biquinho"". Ela est√° de jaqueta jeans e um top preto com a barriga √† mostra. ","Descri√ß√£o: Fotografia. Uma pessoa com cabelo ruivo e uma tatuagem no nariz est√° fazendo uma pose com o dedo indicador levantado. Ela est√° vestindo uma jaqueta jeans e uma camiseta preta. No fundo, h√° uma prateleira com roupas. [Fim da descri√ß√£o]"," Descri√ß√£o: Foto de uma pessoa posando para a foto. Ela tem cabelo loiro, barba curta e usa √≥culos escuros. A pessoa est√° fazendo um gesto com as m√£os juntas em frente ao corpo. Ela est√° vestindo uma camiseta preta e cal√ßa jeans. O fundo √© um ambiente interno com uma prateleira de livros ao fundo. H√° texto no canto superior esquerdo da imagem, mas n√£o √© poss√≠vel ler o conte√∫do do texto. [Fim da descri√ß√£o] "
6,c3c31ea3-5868-4dd3-a8a9-1333e9815613,"Vim mostrar a bolsa e o outfit pro date de ontem. Meu cabelo solto estava impec√°vel, queria ter tirado uma foto",fead8dc8-c6cd-4ab5-88d0-af8955c0bd70,bucket.app_99_p86yb.jpeg,"Foto de pessoa. Mulher branca de cabelos ruivos e olhos verdes. A mo√ßa posa para a foto no espelho de um quarto, com um celular roxo na m√£o e exibindo sua roupa: uma jaqueta jeans, top preto e cal√ßa estampada de on√ßa. Ela leva uma bolsa xadrez, preto e branca, sapatos pretos e um √≥culos de sol de arma√ß√£o e lentes marrom posto na cabe√ßa. ","Descri√ß√£o: Fotografia. Uma pessoa est√° tirando uma selfie no espelho, usando uma jaqueta jeans azul, uma camiseta preta e cal√ßas de leopardo. Ela segura uma bolsa com design xadrez e cora√ß√µes vermelhos. O ambiente √© uma sala com uma mesa de trabalho, um computador, uma janela com vista para o exterior e um tapete geom√©trico no ch√£o. [Fim da descri√ß√£o]"," Descri√ß√£o: Foto de uma pessoa posando para a foto em um ambiente interno. A pessoa est√° vestida com uma camiseta azul, cal√ßa-pajama preta e cal√ßas de estilo casual. Ela segura um telefone celular na m√£o direita e tem uma bolsa de estilo sobre o ombro esquerdo. O fundo mostra uma janela com vista para o exterior e uma decora√ß√£o decorativa no canto superior direito. A pessoa parece estar em um momento de relaxamento ou prepara√ß√£o para sair. [Fim da descri√ß√£o] "
11,368ff98d-73b8-4bbf-a3be-42b17bd5a1c5,"9. Me Ajude a Salvar os Domingos - Liniker

Quem n√£o ouviu CAJU ainda t√° perdendo o que a m√∫sica brasileira tem de melhor pra oferecer em 2024",a43d8a7e-1c81-4b9d-b527-2369584d5110,bucket.app_r7j44i44.jpeg,"Banner do Spotify. Banner da m√∫sica ""Me Ajude a Salvar os Domingos"" da cantora Liniker no aplicativo do Spotify. Na foto, a cantora aparece dentro de um carro antigo de pintura vermelha brilhante, com flores pintadas na porta. Dentro do carro, a cantora tem express√£o s√©ria e est√° reclinada no banco do motorista com a m√£o para fora da janela apoiada no sentido do para-brisa. Ela leva muitos acess√≥rios, incluindo an√©is e pulseiras douradas.","Descri√ß√£o: Imagem de um carro vermelho com a janela aberta. Uma pessoa est√° sentada no banco do passageiro, com a m√£o levantada e v√°rias joias vis√≠veis. O texto ""E AJUDE A A SALVARAR OS OS DO"" est√° presente na imagem. [Fim da descri√ß√£o]"," Descri√ß√£o: Foto de um indiv√≠duo em um carro, segurando uma chave e olhando para a c√¢mera. Ele est√° usando uma camisa preta com detalhes decorativos e tem um cabelo curto. O carro √© um modelo antigo, possivelmente de uma marca americana, com o teto aberto e o interior vis√≠vel. A pessoa parece estar em um ambiente ao ar livre, com um c√©u parcialmente vis√≠vel no fundo. H√° textos vis√≠veis na imagem, incluindo ""SENACIONAL"" e ""LINKER"", mas n√£o √© poss√≠vel fornecer informa√ß√µes sobre o conte√∫do do texto devido √† qualidade da imagem. [Fim da descri√ß√£o] "
29,8193f5c2-4ae4-4c41-9006-62841caa32a2,üèÜü•á CAMPE√ïES! O Sada Cruzeiro √© a equipe campe√£ do Campeonato Mineiro Masculino 2024 üîµ,b22100ba-f165-4bb0-8862-d5a09e31b54f,bucket.app_zf25iv3r.jpeg,"Postagem. Na imagem, um grupo de  cinco jogadores de v√¥lei do Sada Cruzeiro se abra√ßam em comemora√ß√£o. Quatro deles usam o uniforme azul com o bras√£o do cruzeiro do sul do lado esquerdo e um, de costas, est√° com uniforme branco. Ao fundo √© poss√≠vel ver a bandeira do Cruzeiro Esporte Clube. H√° um grande letreiro com os dizeres ""CAMPE√ïES"", seguido abaixo de ""SADA CRUZEIRO MINEIRO MASCULINO"".","Descri√ß√£o: Imagem de um grupo de jogadores de futebol em frente a uma bandeira azul com o escudo do Cruzeiro Esporte Clube. Os jogadores est√£o abra√ßados e sorrindo, indicando uma vit√≥ria ou comemora√ß√£o. O texto na imagem menciona ""SADA CRUZEIREIRO"" e ""KTO"", al√©m de ""CAMPE√ïES"" em destaque. O fundo √© azul claro, e h√° um c√©u azul acima."," Descri√ß√£o: Imagem de propaganda para uma partida de futebol. O grupo de jogadores est√° em foco, com um homem em p√© ao lado deles, e todos parecem estar olhando para a c√¢mera. Eles est√£o vestidos com camisetas azuis e brancas, e o banner do time √© vis√≠vel na parte superior da imagem. O texto ""Campe√µes"" est√° em destaque, indicando que eles s√£o os campe√µes de uma competi√ß√£o. A palavra ""Sada"" tamb√©m est√° presente, possivelmente referindo-se a um patrocinador ou √† pr√≥pria equipe. O fundo da imagem mostra o c√©u e uma bandeira azul com o nome do time. [Fim da descri√ß√£o] "
35,880109c4-643f-4ddc-9968-ace418672735,"""hum vou fazer maquiagem de palha√ßo pra treina"", mas, e se eu tenta fazer uma releitura da Pele de Porcelada de Pat McGrath, fico parecendo tudo, menos a releitura. Mas como j√° t√° feito, vou postar

#maquiagem #peledeporcelana #patmcgrath #make #makeartistica #margiela #paris #skin #skincare #europa",2966dd41-b32d-4b51-a69a-dc9a9dd755df,bucket.app_yebiwdli.jpeg,"Foto de pessoa. Homem branco e com express√£o s√©ria est√° com uma maquiagem chamativa de palha√ßo. Ele usa uma sombra alta de cor roxa que vai das p√°lpebras at√© acima das sobrancelhas, cobertas de maquiagem. Duas sobrancelhas finas foram desenhadas em preto na altura da testa. Ele tem o nariz pintado de vermelho e as bochechas marcadas com um blush alaranjado forte. O fundo do seu rosto est√° coberto por uma base branca, o deixando p√°lido. Ele usa uma peruca colorida cacheada e tem express√£o s√©ria. ","Descri√ß√£o: Fotografia. Um indiv√≠duo com cabelo colorido e brilhante, incluindo tons de amarelo, laranja, verde e azul. O cabelo parece ser feito de algod√£o ou algum material similar. O indiv√≠duo est√° vestindo uma camiseta cinza. [Fim da descri√ß√£o]"," Descri√ß√£o: Foto de um homem com uma maquiagem clown, usando √≥culos coloridos e lentes azuis. Ele tem cabelo curto e pele mais escura. O homem est√° sentado e olhando diretamente para a c√¢mera. Ele n√£o est√° fazendo nenhum gesto ou express√£o facial. N√£o h√° outros indiv√≠duos ou objetos relevantes no fundo da imagem. [Fim da descri√ß√£o] "
42,c42d0122-b733-4846-96d0-de16a9defb39,"cada detalhe dessa mulher √© perfeito, mas a forma como ela parece exalar paz, sempre de deixar maravilhada",9f52f1ff-67e3-443a-ad59-1e987a5438e6,bucket.app_lo3gp6j6.jpeg,"Foto de pessoa. Foto da ginasta Simone Biles, mulher nega, de cabelos alisados pretos, olhos amendoados e bra√ßos fortes. Ela olha para a c√¢mera com express√£o simp√°tica e levemente sorridente. Ao fundo, √© poss√≠vel ver um gin√°sio de ginastica.","Descri√ß√£o: Fotografia. Uma mulher est√° em um ambiente esportivo, provavelmente uma arena de gin√°stica, com uma mesa de gin√°stica ao fundo. Ela est√° vestindo uma roupa esportiva azul, um colar de p√©rolas e √≥culos de sol. A mulher est√° sorrindo e olhando para a c√¢mera. [Fim da descri√ß√£o]"," Descri√ß√£o: Foto de uma atleta posando para a foto. Ela est√° vestindo um traje esportivo azul e tem cabelos loiros. A atleta est√° segurando uma m√£o na frente do corpo, com o bra√ßo estendido. Ela est√° olhando diretamente para a c√¢mera e parece estar em um ambiente interno, possivelmente um gin√°sio ou sala de treinamento. N√£o h√° texto vis√≠vel na imagem. [Fim da descri√ß√£o] "
